Building a Second Brain,https://img3.doubanio.com/view/subject/l/public/s34114492.jpg
Bulletproof Problem Solving,https://img2.doubanio.com/view/subject/l/public/s31766081.jpg
Clean Code,https://img9.doubanio.com/view/subject/l/public/s29624974.jpg
Code Complete,https://img3.doubanio.com/view/subject/l/public/s7057342.jpg
Computer Science Distilled,https://img2.doubanio.com/view/subject/l/public/s29700511.jpg
Deep Work,https://img3.doubanio.com/view/subject/l/public/s29497013.jpg
DO IT TODAY,https://img3.doubanio.com/view/subject/l/public/s34630607.jpg
Dune,https://img3.doubanio.com/view/subject/l/public/s29956023.jpg
Educated,https://img1.doubanio.com/view/subject/l/public/s29745220.jpg
Go程序设计语言,https://img3.doubanio.com/view/subject/l/public/s29458403.jpg
How to Make Work Not Suck,https://m.media-amazon.com/images/I/71vXWgbQA5L._AC_UY436_FMwebp_QL65_.jpg
How To Win Friends And Influence People,https://img1.doubanio.com/view/subject/l/public/s4655400.jpg
How We Learn,https://m.media-amazon.com/images/I/81hSpr0kXQL._SL1500_.jpg
I Used to Have a Plan,https://img9.doubanio.com/view/subject/l/public/s33781174.jpg
Influence,https://img2.doubanio.com/view/subject/l/public/s29266061.jpg
Invent and Wander,https://m.media-amazon.com/images/I/41HB8UOifDL._SY445_SX342_.jpg
Letters to a Young Athlete,https://m.media-amazon.com/images/I/81UBMvukPyL._AC_UY436_FMwebp_QL65_.jpg
Machine Learning in Action,https://img3.doubanio.com/view/subject/l/public/s9015252.jpg
Never Split the Difference,https://img1.doubanio.com/view/subject/l/public/s28377650.jpg
On Tyranny,https://img1.doubanio.com/view/subject/l/public/s29373908.jpg
Outliers,https://img2.doubanio.com/view/subject/l/public/s3562541.jpg
Outlive,https://img9.doubanio.com/view/subject/l/public/s34480384.jpg
Rich Dad Poor Dad,https://img3.doubanio.com/view/subject/l/public/s29631993.jpg
The 48 Laws of Power,https://img2.doubanio.com/view/subject/l/public/s28316461.jpg
The 5 AM Club,https://img3.doubanio.com/view/subject/l/public/s30005532.jpg
The Almanack of Naval Ravikant,https://img9.doubanio.com/view/subject/l/public/s33733475.jpg
The Bullet Journal Method,https://m.media-amazon.com/images/I/71N5MAmnfaL._SY522_.jpg
The Communication Book,https://img1.doubanio.com/view/subject/l/public/s29803259.jpg
The Grapes of Wrath,https://img1.doubanio.com/view/subject/l/public/s3373059.jpg
The Heaven & Earth Grocery Store,https://img3.doubanio.com/view/subject/l/public/s34608803.jpg
The Intelligent Investor,https://img3.doubanio.com/view/subject/l/public/s33942787.jpg
The Laws of Human Nature,https://img3.doubanio.com/view/subject/l/public/s29869503.jpg
The Millionaire Next Door,https://img2.doubanio.com/view/subject/l/public/s29677961.jpg
The One Thing,https://img1.doubanio.com/view/subject/l/public/s26711798.jpg
The Personal MBA,https://img3.doubanio.com/view/subject/l/public/s29758103.jpg
The Phoenix Project,https://img3.doubanio.com/view/subject/l/public/s24682622.jpg
The Pragmatic Programmer,https://img3.doubanio.com/view/subject/l/public/s4091153.jpg
The Psychology of Money,https://img9.doubanio.com/view/subject/l/public/s33639364.jpg
The Road Less Traveled,https://img9.doubanio.com/view/subject/l/public/s29133666.jpg
The Start-up of You,https://img2.doubanio.com/view/subject/l/public/s7077961.jpg
This Is Now Your Company,https://img1.doubanio.com/view/subject/l/public/s31212390.jpg
What Does It All Mean?,https://img3.doubanio.com/view/subject/l/public/s29638463.jpg
When Breath Becomes Air,https://m.media-amazon.com/images/I/717KRq4xxxL._SL1500_.jpg
Working Backwards,https://img2.doubanio.com/view/subject/l/public/s33830191.jpg
Your Money or Your Life,https://m.media-amazon.com/images/I/71AL7FJJw3L._SL1500_.jpg
Your Next Five Moves: Master the Art of Business Strategy,https://img3.doubanio.com/view/subject/l/public/s33710942.jpg
Zero to One,https://img1.doubanio.com/view/subject/l/public/s27463048.jpg
万历十五年（增订本）,https://img3.doubanio.com/view/subject/l/public/s3670063.jpg
三体全集,https://img3.doubanio.com/view/subject/l/public/s33460607.jpg
东野圭吾精选集-全10册,https://pic1.zhimg.com/80/v2-184069776131110f7e87720866d32d0c_1440w.webp
两京十五日,https://img3.doubanio.com/view/subject/l/public/s33682883.jpg
人类世的“资本论”,https://img9.doubanio.com/view/subject/l/public/s34543165.jpg
你当像鸟飞往你的山,https://img9.doubanio.com/view/subject/l/public/s33492346.jpg
侠隐,https://img9.doubanio.com/view/subject/l/public/s2542876.jpg
兄弟,https://img1.doubanio.com/view/subject/l/public/s34254299.jpg
克拉拉与太阳,https://img1.doubanio.com/view/subject/l/public/s34664520.jpg
共济会四百年,https://img1.doubanio.com/view/subject/l/public/s34495169.jpg
切尔诺贝利的祭祷,https://img1.doubanio.com/view/subject/l/public/s29803758.jpg
刘擎西方现代思想讲义,https://img2.doubanio.com/view/subject/l/public/s33802981.jpg
南货店,https://img3.doubanio.com/view/subject/l/public/s33680423.jpg
卡片笔记写作法,https://img3.doubanio.com/view/subject/l/public/s33927783.jpg
原则,https://img2.doubanio.com/view/subject/l/public/s29643861.jpg
史蒂夫·乔布斯传（修订版）,https://img3.doubanio.com/view/subject/l/public/s27207923.jpg
喧嚣,https://img3.doubanio.com/view/subject/l/public/s33774043.jpg
围城,https://img3.doubanio.com/view/subject/l/public/s29907893.jpg
坚毅,https://img1.doubanio.com/view/subject/l/public/s29468600.jpg
夜晚的潜水艇,https://img1.doubanio.com/view/subject/l/public/s33718940.jpg
大道朝天,https://mingdongman-channel.oss-cn-shenzhen.aliyuncs.com/baike/168765709054.jpg
失落的卫星,https://img1.doubanio.com/view/subject/l/public/s33660509.jpg
子弹笔记,https://img2.doubanio.com/view/subject/l/public/s29939981.jpg
山居杂忆（插图精装版）,https://img1.doubanio.com/view/subject/l/public/s28348928.jpg
工作、消费主义和新穷人,https://img9.doubanio.com/view/subject/l/public/s34008354.jpg
平凡的世界,https://img9.doubanio.com/view/subject/l/public/s8865866.jpg
幻想三国志,https://img3.doubanio.com/view/subject/l/public/s1824172.jpg
愤怒的葡萄,https://img9.doubanio.com/view/subject/l/public/s32320755.jpg
我与地坛,https://img1.doubanio.com/view/subject/l/public/s29778139.jpg
我与地坛,https://img1.doubanio.com/view/subject/l/public/s4594868.jpg
我辈孤雏,https://img3.doubanio.com/view/subject/l/public/s34664523.jpg
战后日本经济史,https://img9.doubanio.com/view/subject/l/public/s29714465.jpg
拿下Offer:数据分析师求职面试指南点,https://img3.doubanio.com/view/subject/l/public/s33686032.jpg
掌控习惯,https://img9.doubanio.com/view/subject/l/public/s33565235.jpg
撒马尔罕的荣光,https://img9.doubanio.com/view/subject/l/public/s34725835.jpg
数据中台：让数据用起来,https://img1.doubanio.com/view/subject/l/public/s33964379.jpg
斯通纳,https://img2.doubanio.com/view/subject/l/public/s28332051.jpg
无可慰藉,https://img1.doubanio.com/view/subject/l/public/s34664518.jpg
日本的现代神话,https://img1.doubanio.com/view/subject/l/public/s34550539.jpg
明朝那些事儿(增补版)(套装共9册),https://img2.doubanio.com/view/subject/l/public/s29531871.jpg
未来算法,https://img1.doubanio.com/view/subject/l/public/s33923520.jpg
沙丘,https://img3.doubanio.com/view/subject/l/public/s33975267.jpg
活着,https://img1.doubanio.com/view/subject/l/public/s29652928.jpg
浮世画家,https://img2.doubanio.com/view/subject/l/public/s34664521.jpg
浮木,https://img9.doubanio.com/view/subject/l/public/s33921954.jpg
海伯利安四部曲,https://img9.doubanio.com/view/subject/l/public/s29536494.jpg
消失的13级台阶,https://img1.doubanio.com/view/subject/l/public/s34070178.jpg
源泉,https://img9.doubanio.com/view/subject/l/public/s26919835.jpg
焦虑的人,https://img2.doubanio.com/view/subject/l/public/s33951431.jpg
百年孤独,https://img1.doubanio.com/view/subject/l/public/s27237850.jpg
睡眠革命,https://img3.doubanio.com/view/subject/l/public/s29437927.jpg
